"contact_[0,30)","contact_30+"
5.83824942769964,5.57995368745344
2.24982162040111,3.47007691111674
